<?xml version="1.0" encoding="utf-8"?>
<!--
- phpMyAdmin XML Dump
- version 5.1.1
- https://www.phpmyadmin.net
-
- Host: 127.0.0.1
- Generation Time: Jul 21, 2022 at 05:29 PM
- Server version: 10.4.19-MariaDB
- PHP Version: 7.4.20
-->

<pma_xml_export version="1.0" xmlns:pma="https://www.phpmyadmin.net/some_doc_url/">
    <!--
    - Structure schemas
    -->
    <pma:structure_schemas>
        <pma:database name="healthcare" collation="utf8mb4_general_ci" charset="utf8mb4">
            <pma:table name="disease">
                CREATE TABLE `disease` (
                  `dis_id` varchar(10) NOT NULL,
                  `patient_id` int(10) NOT NULL,
                  `doc_id` int(10) NOT NULL,
                  `disease_name` varchar(50) NOT NULL,
                  PRIMARY KEY (`dis_id`)
                ) ENGINE=InnoDB DEFAULT CHARSET=utf8mb4;
            </pma:table>
        </pma:database>
    </pma:structure_schemas>

    <!--
    - Database: 'healthcare'
    -->
    <database name="healthcare">
        <!-- Table disease -->
        <table name="disease">
            <column name="dis_id">e001</column>
            <column name="patient_id">3</column>
            <column name="doc_id">2</column>
            <column name="disease_name">Tmj pain</column>
        </table>
        <table name="disease">
            <column name="dis_id">g001</column>
            <column name="patient_id">1</column>
            <column name="doc_id">3</column>
            <column name="disease_name">high fever</column>
        </table>
        <table name="disease">
            <column name="dis_id">h001</column>
            <column name="patient_id">2</column>
            <column name="doc_id">1</column>
            <column name="disease_name">heart attack</column>
        </table>
    </database>
</pma_xml_export>