<?xml version="1.0" encoding="utf-8"?>
<!--
- phpMyAdmin XML Dump
- version 5.1.1
- https://www.phpmyadmin.net
-
- Host: 127.0.0.1
- Generation Time: Jul 21, 2022 at 05:30 PM
- Server version: 10.4.19-MariaDB
- PHP Version: 7.4.20
-->

<pma_xml_export version="1.0" xmlns:pma="https://www.phpmyadmin.net/some_doc_url/">
    <!--
    - Structure schemas
    -->
    <pma:structure_schemas>
        <pma:database name="healthcare" collation="utf8mb4_general_ci" charset="utf8mb4">
            <pma:table name="doctor">
                CREATE TABLE `doctor` (
                  `doc_id` int(10) NOT NULL AUTO_INCREMENT,
                  `doc_name` varchar(50) NOT NULL,
                  `specialization` varchar(50) NOT NULL,
                  PRIMARY KEY (`doc_id`)
                ) ENGINE=InnoDB AUTO_INCREMENT=4 DEFAULT CHARSET=utf8mb4;
            </pma:table>
        </pma:database>
    </pma:structure_schemas>

    <!--
    - Database: 'healthcare'
    -->
    <database name="healthcare">
        <!-- Table doctor -->
        <table name="doctor">
            <column name="doc_id">1</column>
            <column name="doc_name">Dr.basu</column>
            <column name="specialization">Heart</column>
        </table>
        <table name="doctor">
            <column name="doc_id">2</column>
            <column name="doc_name">Dr.loknath</column>
            <column name="specialization">ENT</column>
        </table>
        <table name="doctor">
            <column name="doc_id">3</column>
            <column name="doc_name">Dr.Suchorita</column>
            <column name="specialization">General physician</column>
        </table>
    </database>
</pma_xml_export>