<?xml version="1.0" encoding="utf-8"?>
<!--
- phpMyAdmin XML Dump
- version 5.1.1
- https://www.phpmyadmin.net
-
- Host: 127.0.0.1
- Generation Time: Jul 21, 2022 at 05:30 PM
- Server version: 10.4.19-MariaDB
- PHP Version: 7.4.20
-->

<pma_xml_export version="1.0" xmlns:pma="https://www.phpmyadmin.net/some_doc_url/">
    <!--
    - Structure schemas
    -->
    <pma:structure_schemas>
        <pma:database name="healthcare" collation="utf8mb4_general_ci" charset="utf8mb4">
            <pma:table name="medicine">
                CREATE TABLE `medicine` (
                  `medicine_id` int(10) NOT NULL AUTO_INCREMENT,
                  `patient_id` int(10) NOT NULL,
                  `medicine_name` varchar(100) NOT NULL,
                  `medicine_type` varchar(200) NOT NULL,
                  PRIMARY KEY (`medicine_id`)
                ) ENGINE=InnoDB AUTO_INCREMENT=6 DEFAULT CHARSET=utf8mb4;
            </pma:table>
        </pma:database>
    </pma:structure_schemas>

    <!--
    - Database: 'healthcare'
    -->
    <database name="healthcare">
        <!-- Table medicine -->
        <table name="medicine">
            <column name="medicine_id">1</column>
            <column name="patient_id">2</column>
            <column name="medicine_name">Clot busters</column>
            <column name="medicine_type">thrombolytics or fibrinolytics</column>
        </table>
        <table name="medicine">
            <column name="medicine_id">3</column>
            <column name="patient_id">1</column>
            <column name="medicine_name">Tylenol</column>
            <column name="medicine_type">acetaminophen</column>
        </table>
        <table name="medicine">
            <column name="medicine_id">5</column>
            <column name="patient_id">3</column>
            <column name="medicine_name">Advil or Motrin</column>
            <column name="medicine_type">ibuprofen</column>
        </table>
    </database>
</pma_xml_export>