<?xml version="1.0" encoding="utf-8"?>
<!--
- phpMyAdmin XML Dump
- version 5.1.1
- https://www.phpmyadmin.net
-
- Host: 127.0.0.1
- Generation Time: Jul 21, 2022 at 05:30 PM
- Server version: 10.4.19-MariaDB
- PHP Version: 7.4.20
-->

<pma_xml_export version="1.0" xmlns:pma="https://www.phpmyadmin.net/some_doc_url/">
    <!--
    - Structure schemas
    -->
    <pma:structure_schemas>
        <pma:database name="healthcare" collation="utf8mb4_general_ci" charset="utf8mb4">
            <pma:table name="patient">
                CREATE TABLE `patient` (
                  `p_id` int(10) NOT NULL AUTO_INCREMENT,
                  `patient_name` varchar(50) NOT NULL,
                  `address` varchar(50) NOT NULL,
                  `age` int(10) NOT NULL,
                  PRIMARY KEY (`p_id`)
                ) ENGINE=InnoDB AUTO_INCREMENT=4 DEFAULT CHARSET=utf8mb4;
            </pma:table>
        </pma:database>
    </pma:structure_schemas>

    <!--
    - Database: 'healthcare'
    -->
    <database name="healthcare">
        <!-- Table patient -->
        <table name="patient">
            <column name="p_id">1</column>
            <column name="patient_name">rahul</column>
            <column name="address">108/87 B dutta road kolkata</column>
            <column name="age">65</column>
        </table>
        <table name="patient">
            <column name="p_id">2</column>
            <column name="patient_name">Meghna das</column>
            <column name="address">medinipur</column>
            <column name="age">28</column>
        </table>
        <table name="patient">
            <column name="p_id">3</column>
            <column name="patient_name">Nupur biswas</column>
            <column name="address">Dhaka</column>
            <column name="age">26</column>
        </table>
    </database>
</pma_xml_export>