<?xml version="1.0" encoding="utf-8"?>
<!--
- phpMyAdmin XML Dump
- version 5.1.1
- https://www.phpmyadmin.net
-
- Host: 127.0.0.1
- Generation Time: Jul 21, 2022 at 05:31 PM
- Server version: 10.4.19-MariaDB
- PHP Version: 7.4.20
-->

<pma_xml_export version="1.0" xmlns:pma="https://www.phpmyadmin.net/some_doc_url/">
    <!--
    - Structure schemas
    -->
    <pma:structure_schemas>
        <pma:database name="healthcare" collation="utf8mb4_general_ci" charset="utf8mb4">
            <pma:table name="payment">
                CREATE TABLE `payment` (
                  `payment_id` int(10) NOT NULL,
                  `patient_id` int(10) NOT NULL,
                  `date` date NOT NULL,
                  `price` double NOT NULL,
                  PRIMARY KEY (`payment_id`)
                ) ENGINE=InnoDB DEFAULT CHARSET=utf8mb4;
            </pma:table>
        </pma:database>
    </pma:structure_schemas>

    <!--
    - Database: 'healthcare'
    -->
    <database name="healthcare">
        <!-- Table payment -->
        <table name="payment">
            <column name="payment_id">100</column>
            <column name="patient_id">3</column>
            <column name="date">2022-07-21</column>
            <column name="price">100</column>
        </table>
        <table name="payment">
            <column name="payment_id">200</column>
            <column name="patient_id">2</column>
            <column name="date">2022-07-20</column>
            <column name="price">90</column>
        </table>
        <table name="payment">
            <column name="payment_id">300</column>
            <column name="patient_id">1</column>
            <column name="date">2022-07-20</column>
            <column name="price">120</column>
        </table>
    </database>
</pma_xml_export>